Key,Player,Time,Opp,Price,LW_Price,Change,Name,Team,Pos
Josh Allen-BUF,Josh Allen (BUF - QB) ,Sun 4:25PM,@KC,9200,9000,200,Josh Allen,BUF,QB
Lamar Jackson-BAL,Lamar Jackson (BAL - QB) ,Sun 1:00PM,@NYG,8800,8700,100,Lamar Jackson,BAL,QB
Patrick Mahomes-KC,Patrick Mahomes II (KC - QB) ,Sun 4:25PM,BUF,8600,8500,100,Patrick Mahomes,KC,QB
Jalen Hurts-PHI,Jalen Hurts (PHI - QB) ,Sun 8:20PM,DAL,8600,8600,0,Jalen Hurts,PHI,QB
Kyler Murray-ARI,Kyler Murray (ARI - QB) ,Sun 4:05PM,@SEA,8300,8100,200,Kyler Murray,ARI,QB
Justin Herbert-LAC,Justin Herbert (LAC - QB) ,Mon 8:15PM,DEN,8200,8200,0,Justin Herbert,LAC,QB
Joe Burrow-CIN,Joe Burrow (CIN - QB) ,Sun 1:00PM,@NO,8000,7800,200,Joe Burrow,CIN,QB
Kirk Cousins-MIN,Kirk Cousins (MIN - QB) ,Sun 1:00PM,@MIA,7600,7100,500,Kirk Cousins,MIN,QB
Russell Wilson-DEN,Russell Wilson (DEN - QB) ,Mon 8:15PM,@LAC,7500,7500,0,Russell Wilson,DEN,QB
Dak Prescott-DAL,Dak Prescott (DAL - QB) ,Sun 8:20PM,@PHI,7500,7500,0,Dak Prescott,DAL,QB
Tom Brady-TB,Tom Brady (TB - QB) ,Sun 1:00PM,@PIT,7500,7800,-300,Tom Brady,TB,QB
Aaron Rodgers-GB,Aaron Rodgers (GB - QB) ,Sun 1:00PM,NYJ,7500,7300,200,Aaron Rodgers,GB,QB
Geno Smith-SEA,Geno Smith (SEA - QB) ,Sun 4:05PM,ARI,7400,6900,500,Geno Smith,SEA,QB
Carson Wentz-WAS,Carson Wentz (WAS - QB) ,Thu 8:15PM,@CHI,7300,6800,500,Carson Wentz,WAS,QB
Matthew Stafford-LAR,Matthew Stafford (LAR - QB) ,Sun 4:05PM,CAR,7200,7400,-200,Matthew Stafford,LAR,QB
Jimmy Garoppolo-SF,Jimmy Garoppolo (SF - QB) ,Sun 1:00PM,@ATL,7100,7000,100,Jimmy Garoppolo,SF,QB
Trevor Lawrence-JAX,Trevor Lawrence (JAC - QB) ,Sun 1:00PM,@IND,7100,7600,-500,Trevor Lawrence,JAX,QB
Jameis Winston-NO,Jameis Winston (NO - QB) ,Sun 1:00PM,CIN,7000,7300,-300,Jameis Winston,NO,QB
Tua Tagovailoa-MIA,Tua Tagovailoa (MIA - QB) ,Sun 1:00PM,MIN,7000,7000,0,Tua Tagovailoa,MIA,QB
Matt Ryan-IND,Matt Ryan (IND - QB) ,Sun 1:00PM,JAC,6900,6600,300,Matt Ryan,IND,QB
Marcus Mariota-ATL,Marcus Mariota (ATL - QB) ,Sun 1:00PM,SF,6800,6800,0,Marcus Mariota,ATL,QB
Daniel Jones-NYG,Daniel Jones (NYG - QB) ,Sun 1:00PM,BAL,6800,6800,0,Daniel Jones,NYG,QB
Zach Wilson-NYJ,Zach Wilson (NYJ - QB) ,Sun 1:00PM,@GB,6700,7200,-500,Zach Wilson,NYJ,QB
Jacoby Brissett-CLE,Jacoby Brissett (CLE - QB) ,Sun 1:00PM,NE,6600,6700,-100,Jacoby Brissett,CLE,QB
Mac Jones-NE,Mac Jones (NE - QB) ,Sun 1:00PM,@CLE,6600,6600,0,Mac Jones,NE,QB
Justin Fields-CHI,Justin Fields (CHI - QB) ,Thu 8:15PM,WAS,6600,6600,0,Justin Fields,CHI,QB
Teddy Bridgewater-MIA,Teddy Bridgewater (MIA - QB) ,Sun 1:00PM,MIN,6500,6400,100,Teddy Bridgewater,MIA,QB
Cooper Rush-DAL,Cooper Rush (DAL - QB) ,Sun 8:20PM,@PHI,6500,6500,0,Cooper Rush,DAL,QB
Tyler Huntley-BAL,Tyler Huntley (BAL - QB) ,Sun 1:00PM,@NYG,6500,6100,400,Tyler Huntley,BAL,QB
Kenny Pickett-PIT,Kenny Pickett (PIT - QB) ,Sun 1:00PM,TB,6500,6500,0,Kenny Pickett,PIT,QB
Andy Dalton-NO,Andy Dalton (NO - QB) ,Sun 1:00PM,CIN,6400,6500,-100,Andy Dalton,NO,QB
Baker Mayfield-CAR,Baker Mayfield (CAR - QB) ,Sun 4:05PM,@LAR,6400,6400,0,Baker Mayfield,CAR,QB
Bailey Zappe-NE,Bailey Zappe (NE - QB) ,Sun 1:00PM,@CLE,6300,6300,0,Bailey Zappe,NE,QB
PJ Walker-CAR,PJ Walker (CAR - QB) ,Sun 4:05PM,@LAR,6300,6000,300,PJ Walker,CAR,QB
Skylar Thompson-MIA,Skylar Thompson (MIA - QB) ,Sun 1:00PM,MIN,6300,6100,200,Skylar Thompson,MIA,QB
Brian Hoyer-NE,Brian Hoyer (NE - QB) ,Sun 1:00PM,@CLE,6300,6300,0,Brian Hoyer,NE,QB
Tyrod Taylor-NYG,Tyrod Taylor (NYG - QB) ,Sun 1:00PM,BAL,6200,6400,-200,Tyrod Taylor,NYG,QB
Mitch Trubisky-PIT,Mitch Trubisky (PIT - QB) ,Sun 1:00PM,TB,6200,6500,-300,Mitch Trubisky,PIT,QB
Nick Chubb-CLE,Nick Chubb (CLE - RB) ,Sun 1:00PM,NE,9500,9400,100,Nick Chubb,CLE,RB
Cooper Kupp-LAR,Cooper Kupp (LAR - WR) ,Sun 4:05PM,CAR,9400,9500,-100,Cooper Kupp,LAR,WR
Justin Jefferson-MIN,Justin Jefferson (MIN - WR) ,Sun 1:00PM,@MIA,9200,8800,400,Justin Jefferson,MIN,WR
Austin Ekeler-LAC,Austin Ekeler (LAC - RB) ,Mon 8:15PM,DEN,9000,9000,0,Austin Ekeler,LAC,RB
Stefon Diggs-BUF,Stefon Diggs (BUF - WR) ,Sun 4:25PM,@KC,8900,8600,300,Stefon Diggs,BUF,WR
Saquon Barkley-NYG,Saquon Barkley (NYG - RB) ,Sun 1:00PM,BAL,8800,9000,-200,Saquon Barkley,NYG,RB
Christian McCaffrey-CAR,Christian McCaffrey (CAR - RB) ,Sun 4:05PM,@LAR,8700,8700,0,Christian McCaffrey,CAR,RB
Leonard Fournette-TB,Leonard Fournette (TB - RB) ,Sun 1:00PM,@PIT,8500,7800,700,Leonard Fournette,TB,RB
Travis Kelce-KC,Travis Kelce (KC - TE) ,Sun 4:25PM,BUF,8300,8300,0,Travis Kelce,KC,TE
Dalvin Cook-MIN,Dalvin Cook (MIN - RB) ,Sun 1:00PM,@MIA,8300,7300,1000,Dalvin Cook,MIN,RB
Marquise Brown-ARI,Marquise Brown (ARI - WR) ,Sun 4:05PM,@SEA,8200,7800,400,Marquise Brown,ARI,WR
Alvin Kamara-NO,Alvin Kamara (NO - RB) ,Sun 1:00PM,CIN,8100,7000,1100,Alvin Kamara,NO,RB
Ja'Marr Chase-CIN,Ja'Marr Chase (CIN - WR) ,Sun 1:00PM,@NO,8100,7800,300,Ja'Marr Chase,CIN,WR
Tyreek Hill-MIA,Tyreek Hill (MIA - WR) ,Sun 1:00PM,MIN,8000,8400,-400,Tyreek Hill,MIA,WR
A.J. Brown-PHI,A.J. Brown (PHI - WR) ,Sun 8:20PM,DAL,8000,8000,0,A.J. Brown,PHI,WR
Jonathan Taylor-IND,Jonathan Taylor (IND - RB) ,Sun 1:00PM,JAC,8000,8400,-400,Jonathan Taylor,IND,RB
Mark Andrews-BAL,Mark Andrews (BAL - TE) ,Sun 1:00PM,@NYG,7800,7800,0,Mark Andrews,BAL,TE
Joe Mixon-CIN,Joe Mixon (CIN - RB) ,Sun 1:00PM,@NO,7800,7700,100,Joe Mixon,CIN,RB
Mike Evans-TB,Mike Evans (TB - WR) ,Sun 1:00PM,@PIT,7700,7500,200,Mike Evans,TB,WR
Deebo Samuel-SF,Deebo Samuel (SF - WR) ,Sun 1:00PM,@ATL,7600,7300,300,Deebo Samuel,SF,WR
Miles Sanders-PHI,Miles Sanders (PHI - RB) ,Sun 8:20PM,DAL,7600,7600,0,Miles Sanders,PHI,RB
Rhamondre Stevenson-NE,Rhamondre Stevenson (NE - RB) ,Sun 1:00PM,@CLE,7500,6000,1500,Rhamondre Stevenson,NE,RB
Tyler Lockett-SEA,Tyler Lockett (SEA - WR) ,Sun 4:05PM,ARI,7500,6800,700,Tyler Lockett,SEA,WR
Taysom Hill-NO,Taysom Hill (NO - TE) ,Sun 1:00PM,CIN,7500,6000,1500,Taysom Hill,NO,TE
Mike Williams-LAC,Mike Williams (LAC - WR) ,Mon 8:15PM,DEN,7400,7400,0,Mike Williams,LAC,WR
DK Metcalf-SEA,DK Metcalf (SEA - WR) ,Sun 4:05PM,ARI,7400,7100,300,DK Metcalf,SEA,WR
Aaron Jones-GB,Aaron Jones (GB - RB) ,Sun 1:00PM,NYJ,7300,7600,-300,Aaron Jones,GB,RB
Jaylen Waddle-MIA,Jaylen Waddle (MIA - WR) ,Sun 1:00PM,MIN,7300,7700,-400,Jaylen Waddle,MIA,WR
Jeff Wilson-SF,Jeff Wilson Jr. (SF - RB) ,Sun 1:00PM,@ATL,7200,6500,700,Jeff Wilson,SF,RB
Courtland Sutton-DEN,Courtland Sutton (DEN - WR) ,Mon 8:15PM,@LAC,7200,7200,0,Courtland Sutton,DEN,WR
CeeDee Lamb-DAL,CeeDee Lamb (DAL - WR) ,Sun 8:20PM,@PHI,7200,7200,0,CeeDee Lamb,DAL,WR
Tee Higgins-CIN,Tee Higgins (CIN - WR) ,Sun 1:00PM,@NO,7200,7200,0,Tee Higgins,CIN,WR
Breece Hall-NYJ,Breece Hall (NYJ - RB) ,Sun 1:00PM,@GB,7100,6600,500,Breece Hall,NYJ,RB
Melvin Gordon-DEN,Melvin Gordon III (DEN - RB) ,Mon 8:15PM,@LAC,7100,7100,0,Melvin Gordon,DEN,RB
Amari Cooper-CLE,Amari Cooper (CLE - WR) ,Sun 1:00PM,NE,7100,7000,100,Amari Cooper,CLE,WR
Michael Thomas-NO,Michael Thomas (NO - WR) ,Sun 1:00PM,CIN,7000,7100,-100,Michael Thomas,NO,WR
Keenan Allen-LAC,Keenan Allen (LAC - WR) ,Mon 8:15PM,DEN,7000,7000,0,Keenan Allen,LAC,WR
Christian Kirk-JAX,Christian Kirk (JAC - WR) ,Sun 1:00PM,@IND,7000,7600,-600,Christian Kirk,JAX,WR
Clyde Edwards-Helaire-KC,Clyde Edwards-Helaire (KC - RB) ,Sun 4:25PM,BUF,7000,7400,-400,Clyde Edwards-Helaire,KC,RB
James Conner-ARI,James Conner (ARI - RB) ,Sun 4:05PM,@SEA,6900,6700,200,James Conner,ARI,RB
Gabe Davis-BUF,Gabe Davis (BUF - WR) ,Sun 4:25PM,@KC,6900,6000,900,Gabe Davis,BUF,WR
Chris Godwin-TB,Chris Godwin (TB - WR) ,Sun 1:00PM,@PIT,6800,7000,-200,Chris Godwin,TB,WR
J.K. Dobbins-BAL,J.K. Dobbins (BAL - RB) ,Sun 1:00PM,@NYG,6800,6500,300,J.K. Dobbins,BAL,RB
James Robinson-JAX,James Robinson (JAC - RB) ,Sun 1:00PM,@IND,6700,8000,-1300,James Robinson,JAX,RB
Michael Pittman-IND,Michael Pittman Jr. (IND - WR) ,Sun 1:00PM,JAC,6700,7200,-500,Michael Pittman,IND,WR
Chris Olave-NO,Chris Olave (NO - WR) ,Sun 1:00PM,CIN,6700,6900,-200,Chris Olave,NO,WR
Jakobi Meyers-NE,Jakobi Meyers (NE - WR) ,Sun 1:00PM,@CLE,6600,6000,600,Jakobi Meyers,NE,WR
Damien Harris-NE,Damien Harris (NE - RB) ,Sun 1:00PM,@CLE,6600,7200,-600,Damien Harris,NE,RB
David Montgomery-CHI,David Montgomery (CHI - RB) ,Thu 8:15PM,WAS,6600,7100,-500,David Montgomery,CHI,RB
DeVonta Smith-PHI,DeVonta Smith (PHI - WR) ,Sun 8:20PM,DAL,6600,6600,0,DeVonta Smith,PHI,WR
Kenneth Walker-SEA,Ken Walker III (SEA - RB) ,Sun 4:05PM,ARI,6500,5300,1200,Kenneth Walker,SEA,RB
Raheem Mostert-MIA,Raheem Mostert (MIA - RB) ,Sun 1:00PM,MIN,6500,5800,700,Raheem Mostert,MIA,RB
Terry McLaurin-WAS,Terry McLaurin (WAS - WR) ,Thu 8:15PM,@CHI,6500,6500,0,Terry McLaurin,WAS,WR
Rashod Bateman-BAL,Rashod Bateman (BAL - WR) ,Sun 1:00PM,@NYG,6500,6600,-100,Rashod Bateman,BAL,WR
Jerry Jeudy-DEN,Jerry Jeudy (DEN - WR) ,Mon 8:15PM,@LAC,6500,6500,0,Jerry Jeudy,DEN,WR
JuJu Smith-Schuster-KC,JuJu Smith-Schuster (KC - WR) ,Sun 4:25PM,BUF,6400,6200,200,JuJu Smith-Schuster,KC,WR
Travis Etienne-JAX,Travis Etienne Jr. (JAC - RB) ,Sun 1:00PM,@IND,6400,5600,800,Travis Etienne,JAX,RB
Gerald Everett-LAC,Gerald Everett (LAC - TE) ,Mon 8:15PM,DEN,6300,6300,0,Gerald Everett,LAC,TE
Diontae Johnson-PIT,Diontae Johnson (PIT - WR) ,Sun 1:00PM,TB,6300,6700,-400,Diontae Johnson,PIT,WR
Eno Benjamin-ARI,Eno Benjamin (ARI - RB) ,Sun 4:05PM,@SEA,6300,5400,900,Eno Benjamin,ARI,RB
Antonio Gibson-WAS,Antonio Gibson (WAS - RB) ,Thu 8:15PM,@CHI,6300,6300,0,Antonio Gibson,WAS,RB
Ezekiel Elliott-DAL,Ezekiel Elliott (DAL - RB) ,Sun 8:20PM,@PHI,6200,6200,0,Ezekiel Elliott,DAL,RB
Tyler Higbee-LAR,Tyler Higbee (LAR - TE) ,Sun 4:05PM,CAR,6200,5500,700,Tyler Higbee,LAR,TE
Allen Lazard-GB,Allen Lazard (GB - WR) ,Sun 1:00PM,NYJ,6200,6400,-200,Allen Lazard,GB,WR
Devin Duvernay-BAL,Devin Duvernay (BAL - WR) ,Sun 1:00PM,@NYG,6200,6000,200,Devin Duvernay,BAL,WR
Najee Harris-PIT,Najee Harris (PIT - RB) ,Sun 1:00PM,TB,6200,6600,-400,Najee Harris,PIT,RB
Drake London-ATL,Drake London (ATL - WR) ,Sun 1:00PM,SF,6100,6200,-100,Drake London,ATL,WR
Dallas Goedert-PHI,Dallas Goedert (PHI - TE) ,Sun 8:20PM,DAL,6100,6100,0,Dallas Goedert,PHI,TE
Cam Akers-LAR,Cam Akers (LAR - RB) ,Sun 4:05PM,CAR,6100,6100,0,Cam Akers,LAR,RB
Zach Ertz-ARI,Zach Ertz (ARI - TE) ,Sun 4:05PM,@SEA,6000,5900,100,Zach Ertz,ARI,TE
Cordarrelle Patterson-ATL,Cordarrelle Patterson (ATL - RB) ,Sun 1:00PM,SF,6000,6800,-800,Cordarrelle Patterson,ATL,RB
Latavius Murray-DEN,Latavius Murray (DEN - RB) ,Mon 8:15PM,@LAC,6000,6000,0,Latavius Murray,DEN,RB
Tyler Boyd-CIN,Tyler Boyd (CIN - WR) ,Sun 1:00PM,@NO,6000,5900,100,Tyler Boyd,CIN,WR
Kareem Hunt-CLE,Kareem Hunt (CLE - RB) ,Sun 1:00PM,NE,6000,5900,100,Kareem Hunt,CLE,RB
Curtis Samuel-WAS,Curtis Samuel (WAS - WR) ,Thu 8:15PM,@CHI,6000,5800,200,Curtis Samuel,WAS,WR
Isaiah McKenzie-BUF,Isaiah McKenzie (BUF - WR) ,Sun 4:25PM,@KC,6000,6100,-100,Isaiah McKenzie,BUF,WR
Michael Gallup-DAL,Michael Gallup (DAL - WR) ,Sun 8:20PM,@PHI,6000,6000,0,Michael Gallup,DAL,WR
Adam Thielen-MIN,Adam Thielen (MIN - WR) ,Sun 1:00PM,@MIA,5900,6300,-400,Adam Thielen,MIN,WR
David Njoku-CLE,David Njoku (CLE - TE) ,Sun 1:00PM,NE,5900,5700,200,David Njoku,CLE,TE
Alec Pierce-IND,Alec Pierce (IND - WR) ,Sun 1:00PM,JAC,5900,5400,500,Alec Pierce,IND,WR
AJ Dillon-GB,AJ Dillon (GB - RB) ,Sun 1:00PM,NYJ,5900,6700,-800,AJ Dillon,GB,RB
Michael Carter-NYJ,Michael Carter (NYJ - RB) ,Sun 1:00PM,@GB,5900,5500,400,Michael Carter,NYJ,RB
George Pickens-PIT,George Pickens (PIT - WR) ,Sun 1:00PM,TB,5800,5500,300,George Pickens,PIT,WR
Marquez Valdes-Scantling-KC,Marquez Valdes-Scantling (KC - WR) ,Sun 4:25PM,BUF,5800,5600,200,Marquez Valdes-Scantling,KC,WR
Corey Davis-NYJ,Corey Davis (NYJ - WR) ,Sun 1:00PM,@GB,5800,5900,-100,Corey Davis,NYJ,WR
Darnell Mooney-CHI,Darnell Mooney (CHI - WR) ,Thu 8:15PM,WAS,5800,5800,0,Darnell Mooney,CHI,WR
Khalil Herbert-CHI,Khalil Herbert (CHI - RB) ,Thu 8:15PM,WAS,5800,7100,-1300,Khalil Herbert,CHI,RB
Brandon Aiyuk-SF,Brandon Aiyuk (SF - WR) ,Sun 1:00PM,@ATL,5800,5900,-100,Brandon Aiyuk,SF,WR
Jahan Dotson-WAS,Jahan Dotson (WAS - WR) ,Thu 8:15PM,@CHI,5800,5800,0,Jahan Dotson,WAS,WR
Tyler Allgeier-ATL,Tyler Allgeier (ATL - RB) ,Sun 1:00PM,SF,5800,5700,100,Tyler Allgeier,ATL,RB
Garrett Wilson-NYJ,Garrett Wilson (NYJ - WR) ,Sun 1:00PM,@GB,5700,6000,-300,Garrett Wilson,NYJ,WR
Randall Cobb-GB,Randall Cobb (GB - WR) ,Sun 1:00PM,NYJ,5700,5200,500,Randall Cobb,GB,WR
Tevin Coleman-SF,Tevin Coleman (SF - RB) ,Sun 1:00PM,@ATL,5700,5000,700,Tevin Coleman,SF,RB
George Kittle-SF,George Kittle (SF - TE) ,Sun 1:00PM,@ATL,5700,6500,-800,George Kittle,SF,TE
DJ Moore-CAR,DJ Moore (CAR - WR) ,Sun 4:05PM,@LAR,5700,5900,-200,DJ Moore,CAR,WR
Tony Pollard-DAL,Tony Pollard (DAL - RB) ,Sun 8:20PM,@PHI,5700,5700,0,Tony Pollard,DAL,RB
Darrell Henderson-LAR,Darrell Henderson Jr. (LAR - RB) ,Sun 4:05PM,CAR,5700,6100,-400,Darrell Henderson,LAR,RB
Devin Singletary-BUF,Devin Singletary (BUF - RB) ,Sun 4:25PM,@KC,5700,6000,-300,Devin Singletary,BUF,RB
Isiah Pacheco-KC,Isiah Pacheco (KC - RB) ,Sun 4:25PM,BUF,5700,5600,100,Isiah Pacheco,KC,RB
Zay Jones-JAX,Zay Jones (JAC - WR) ,Sun 1:00PM,@IND,5600,5700,-100,Zay Jones,JAX,WR
Samaje Perine-CIN,Samaje Perine (CIN - RB) ,Sun 1:00PM,@NO,5600,5200,400,Samaje Perine,CIN,RB
Darrel Williams-ARI,Darrel Williams (ARI - RB) ,Sun 4:05PM,@SEA,5600,5000,600,Darrel Williams,ARI,RB
Russell Gage-TB,Russell Gage (TB - WR) ,Sun 1:00PM,@PIT,5600,6200,-600,Russell Gage,TB,WR
Matt Breida-NYG,Matt Breida (NYG - RB) ,Sun 1:00PM,BAL,5600,4900,700,Matt Breida,NYG,RB
Mike Boone-DEN,Mike Boone (DEN - RB) ,Mon 8:15PM,@LAC,5600,5600,0,Mike Boone,DEN,RB
Darius Slayton-NYG,Darius Slayton (NYG - WR) ,Sun 1:00PM,BAL,5600,5100,500,Darius Slayton,NYG,WR
Marquez Callaway-NO,Marquez Callaway (NO - WR) ,Sun 1:00PM,CIN,5600,5100,500,Marquez Callaway,NO,WR
Mecole Hardman-KC,Mecole Hardman (KC - WR) ,Sun 4:25PM,BUF,5600,5400,200,Mecole Hardman,KC,WR
Deon Jackson-IND,Deon Jackson (IND - RB) ,Sun 1:00PM,JAC,5600,5500,100,Deon Jackson,IND,RB
Rondale Moore-ARI,Rondale Moore (ARI - WR) ,Sun 4:05PM,@SEA,5600,5200,400,Rondale Moore,ARI,WR
Julio Jones-TB,Julio Jones (TB - WR) ,Sun 1:00PM,@PIT,5500,5700,-200,Julio Jones,TB,WR
Marvin Jones-JAX,Marvin Jones Jr. (JAC - WR) ,Sun 1:00PM,@IND,5500,5200,300,Marvin Jones,JAX,WR
Damien Williams-ATL,Damien Williams (ATL - RB) ,Sun 1:00PM,SF,5500,4600,900,Damien Williams,ATL,RB
Jarvis Landry-NO,Jarvis Landry (NO - WR) ,Sun 1:00PM,CIN,5500,5500,0,Jarvis Landry,NO,WR
DeVante Parker-NE,DeVante Parker (NE - WR) ,Sun 1:00PM,@CLE,5500,5700,-200,DeVante Parker,NE,WR
Gus Edwards-BAL,Gus Edwards (BAL - RB) ,Sun 1:00PM,@NYG,5500,5000,500,Gus Edwards,BAL,RB
Jerick McKinnon-KC,Jerick McKinnon (KC - RB) ,Sun 4:25PM,BUF,5500,4800,700,Jerick McKinnon,KC,RB
Nyheim Hines-IND,Nyheim Hines (IND - RB) ,Sun 1:00PM,JAC,5500,6300,-800,Nyheim Hines,IND,RB
Ben Skowronek-LAR,Ben Skowronek (LAR - WR) ,Sun 4:05PM,CAR,5500,5300,200,Ben Skowronek,LAR,WR
Justice Hill-BAL,Justice Hill (BAL - RB) ,Sun 1:00PM,@NYG,5500,5300,200,Justice Hill,BAL,RB
Chase Claypool-PIT,Chase Claypool (PIT - WR) ,Sun 1:00PM,TB,5500,5600,-100,Chase Claypool,PIT,WR
Kyle Pitts-ATL,Kyle Pitts (ATL - TE) ,Sun 1:00PM,SF,5500,5600,-100,Kyle Pitts,ATL,TE
Joshua Palmer-LAC,Joshua Palmer (LAC - WR) ,Mon 8:15PM,DEN,5500,5500,0,Joshua Palmer,LAC,WR
Caleb Huntley-ATL,Caleb Huntley (ATL - RB) ,Sun 1:00PM,SF,5500,5600,-100,Caleb Huntley,ATL,RB
Brian Robinson-WAS,Brian Robinson Jr. (WAS - RB) ,Thu 8:15PM,@CHI,5500,5500,0,Brian Robinson,WAS,RB
Donovan Peoples-Jones-CLE,Donovan Peoples-Jones (CLE - WR) ,Sun 1:00PM,NE,5500,5400,100,Donovan Peoples-Jones,CLE,WR
Javonte Williams-DEN,Javonte Williams (DEN - RB) ,Mon 8:15PM,@LAC,5500,5500,0,Javonte Williams,DEN,RB
Romeo Doubs-GB,Romeo Doubs (GB - WR) ,Sun 1:00PM,NYJ,5500,5700,-200,Romeo Doubs,GB,WR
Jaylen Warren-PIT,Jaylen Warren (PIT - RB) ,Sun 1:00PM,TB,5400,4900,500,Jaylen Warren,PIT,RB
Allen Robinson-LAR,Allen Robinson II (LAR - WR) ,Sun 4:05PM,CAR,5400,5700,-300,Allen Robinson,LAR,WR
Nelson Agholor-NE,Nelson Agholor (NE - WR) ,Sun 1:00PM,@CLE,5400,5500,-100,Nelson Agholor,NE,WR
Demarcus Robinson-BAL,Demarcus Robinson (BAL - WR) ,Sun 1:00PM,@NYG,5400,5000,400,Demarcus Robinson,BAL,WR
Phillip Lindsay-IND,Phillip Lindsay (IND - RB) ,Sun 1:00PM,JAC,5400,5400,0,Phillip Lindsay,IND,RB
Noah Brown-DAL,Noah Brown (DAL - WR) ,Sun 8:20PM,@PHI,5400,5400,0,Noah Brown,DAL,WR
Khalil Shakir-BUF,Khalil Shakir (BUF - WR) ,Sun 4:25PM,@KC,5400,5000,400,Khalil Shakir,BUF,WR
A.J. Green-ARI,A.J. Green (ARI - WR) ,Sun 4:05PM,@SEA,5300,5100,200,A.J. Green,ARI,WR
Robbie Anderson-CAR,Robbie Anderson (CAR - WR) ,Sun 4:05PM,@LAR,5300,5500,-200,Robbie Anderson,CAR,WR
Richie James-NYG,Richie James Jr. (NYG - WR) ,Sun 1:00PM,BAL,5300,5700,-400,Richie James,NYG,WR
Sony Michel-LAC,Sony Michel (LAC - RB) ,Mon 8:15PM,DEN,5300,5300,0,Sony Michel,LAC,RB
Tre'Quan Smith-NO,Tre'Quan Smith (NO - WR) ,Sun 1:00PM,CIN,5300,4900,400,Tre'Quan Smith,NO,WR
K.J. Osborn-MIN,K.J. Osborn (MIN - WR) ,Sun 1:00PM,@MIA,5300,5200,100,K.J. Osborn,MIN,WR
Olamide Zaccheaus-ATL,Olamide Zaccheaus (ATL - WR) ,Sun 1:00PM,SF,5300,5300,0,Olamide Zaccheaus,ATL,WR
Avery Williams-ATL,Avery Williams (ATL - RB) ,Sun 1:00PM,SF,5300,4800,500,Avery Williams,ATL,RB
Alexander Mattison-MIN,Alexander Mattison (MIN - RB) ,Sun 1:00PM,@MIA,5300,7300,-2000,Alexander Mattison,MIN,RB
Chase Edmonds-MIA,Chase Edmonds (MIA - RB) ,Sun 1:00PM,MIN,5300,5700,-400,Chase Edmonds,MIA,RB
Pat Freiermuth-PIT,Pat Freiermuth (PIT - TE) ,Sun 1:00PM,TB,5300,5800,-500,Pat Freiermuth,PIT,TE
DeeJay Dallas-SEA,DeeJay Dallas (SEA - RB) ,Sun 4:05PM,ARI,5300,4700,600,DeeJay Dallas,SEA,RB
Rachaad White-TB,Rachaad White (TB - RB) ,Sun 1:00PM,@PIT,5200,5800,-600,Rachaad White,TB,RB
Logan Thomas-WAS,Logan Thomas (WAS - TE) ,Thu 8:15PM,@CHI,5200,5200,0,Logan Thomas,WAS,TE
Kenyan Drake-BAL,Kenyan Drake (BAL - RB) ,Sun 1:00PM,@NYG,5200,4600,600,Kenyan Drake,BAL,RB
Evan Engram-JAX,Evan Engram (JAC - TE) ,Sun 1:00PM,@IND,5200,4900,300,Evan Engram,JAX,TE
Equanimeous St. Brown-CHI,Equanimeous St. Brown (CHI - WR) ,Thu 8:15PM,WAS,5200,5200,0,Equanimeous St. Brown,CHI,WR
K.J. Hamler-DEN,K.J. Hamler (DEN - WR) ,Mon 8:15PM,@LAC,5200,5200,0,K.J. Hamler,DEN,WR
Elijah Moore-NYJ,Elijah Moore (NYJ - WR) ,Sun 1:00PM,@GB,5200,5300,-100,Elijah Moore,NYJ,WR
Kenneth Gainwell-PHI,Kenneth Gainwell (PHI - RB) ,Sun 8:20PM,DAL,5200,5200,0,Kenneth Gainwell,PHI,RB
Shi Smith-CAR,Shi Smith (CAR - WR) ,Sun 4:05PM,@LAR,5200,4800,400,Shi Smith,CAR,WR
Mark Ingram-NO,Mark Ingram II (NO - RB) ,Sun 1:00PM,CIN,5100,6000,-900,Mark Ingram,NO,RB
Marcus Johnson-NYG,Marcus Johnson (NYG - WR) ,Sun 1:00PM,BAL,5100,4500,600,Marcus Johnson,NYG,WR
J.D. McKissic-WAS,J.D. McKissic (WAS - RB) ,Thu 8:15PM,@CHI,5100,5100,0,J.D. McKissic,WAS,RB
Parris Campbell-IND,Parris Campbell (IND - WR) ,Sun 1:00PM,JAC,5100,5000,100,Parris Campbell,IND,WR
David Sills V-NYG,David Sills V (NYG - WR) ,Sun 1:00PM,BAL,5100,5200,-100,David Sills V,NYG,WR
Jauan Jennings-SF,Jauan Jennings (SF - WR) ,Sun 1:00PM,@ATL,5100,5500,-400,Jauan Jennings,SF,WR
DeAndre Carter-LAC,DeAndre Carter (LAC - WR) ,Mon 8:15PM,DEN,5100,5100,0,DeAndre Carter,LAC,WR
Dawson Knox-BUF,Dawson Knox (BUF - TE) ,Sun 4:25PM,@KC,5100,5000,100,Dawson Knox,BUF,TE
Jamal Agnew-JAX,Jamal Agnew (JAC - WR) ,Sun 1:00PM,@IND,5100,5300,-200,Jamal Agnew,JAX,WR
KhaDarel Hodge-ATL,KhaDarel Hodge (ATL - WR) ,Sun 1:00PM,SF,5100,5000,100,KhaDarel Hodge,ATL,WR
Terrace Marshall-CAR,Terrace Marshall Jr. (CAR - WR) ,Sun 4:05PM,@LAR,5100,4600,500,Terrace Marshall,CAR,WR
Tylan Wallace-BAL,Tylan Wallace (BAL - WR) ,Sun 1:00PM,@NYG,5100,4600,500,Tylan Wallace,BAL,WR
Gary Brightwell-NYG,Gary Brightwell (NYG - RB) ,Sun 1:00PM,BAL,5100,4600,500,Gary Brightwell,NYG,RB
Isaiah Hodgins-BUF,Isaiah Hodgins (BUF - WR) ,Sun 4:25PM,@KC,5100,4500,600,Isaiah Hodgins,BUF,WR
Ashton Dulin-IND,Ashton Dulin (IND - WR) ,Sun 1:00PM,JAC,5000,5100,-100,Ashton Dulin,IND,WR
Skyy Moore-KC,Skyy Moore (KC - WR) ,Sun 4:25PM,BUF,5000,4800,200,Skyy Moore,KC,WR
Nate McCrary-BAL,Nate McCrary (BAL - RB) ,Sun 1:00PM,@NYG,5000,4600,400,Nate McCrary,BAL,RB
DeAndre Hopkins-ARI,DeAndre Hopkins (ARI - WR) ,Sun 4:05PM,@SEA,5000,5000,0,DeAndre Hopkins,ARI,WR
Christian Watson-GB,Christian Watson (GB - WR) ,Sun 1:00PM,NYJ,5000,5400,-400,Christian Watson,GB,WR
Ty Montgomery-NE,Ty Montgomery (NE - RB) ,Sun 1:00PM,@CLE,5000,4600,400,Ty Montgomery,NE,RB
Kenny Golladay-NYG,Kenny Golladay (NYG - WR) ,Sun 1:00PM,BAL,5000,5500,-500,Kenny Golladay,NYG,WR
James Washington-DAL,James Washington (DAL - WR) ,Sun 8:20PM,@PHI,5000,5000,0,James Washington,DAL,WR
Will Dissly-SEA,Will Dissly (SEA - TE) ,Sun 4:05PM,ARI,5000,5100,-100,Will Dissly,SEA,TE
Rashaad Penny-SEA,Rashaad Penny (SEA - RB) ,Sun 4:05PM,ARI,5000,6900,-1900,Rashaad Penny,SEA,RB
Kendall Hinton-DEN,Kendall Hinton (DEN - WR) ,Mon 8:15PM,@LAC,5000,5000,0,Kendall Hinton,DEN,WR
James Proche-BAL,James Proche II (BAL - WR) ,Sun 1:00PM,@NYG,5000,4600,400,James Proche,BAL,WR
Ronald Jones-KC,Ronald Jones II (KC - RB) ,Sun 4:25PM,BUF,5000,4600,400,Ronald Jones,KC,RB
Van Jefferson-LAR,Van Jefferson (LAR - WR) ,Sun 4:05PM,CAR,5000,5000,0,Van Jefferson,LAR,WR
Cedrick Wilson-MIA,Cedrick Wilson Jr. (MIA - WR) ,Sun 1:00PM,MIN,5000,4800,200,Cedrick Wilson,MIA,WR
Chris Evans-CIN,Chris Evans (CIN - RB) ,Sun 1:00PM,@NO,5000,4700,300,Chris Evans,CIN,RB
Quez Watkins-PHI,Quez Watkins (PHI - WR) ,Sun 8:20PM,DAL,5000,5000,0,Quez Watkins,PHI,WR
Kendrick Bourne-NE,Kendrick Bourne (NE - WR) ,Sun 1:00PM,@CLE,5000,5200,-200,Kendrick Bourne,NE,WR
Cade Otton-TB,Cade Otton (TB - TE) ,Sun 1:00PM,@PIT,5000,4100,900,Cade Otton,TB,TE
Trestan Ebner-CHI,Trestan Ebner (CHI - RB) ,Thu 8:15PM,WAS,5000,5000,0,Trestan Ebner,CHI,RB
James Cook-BUF,James Cook (BUF - RB) ,Sun 4:25PM,@KC,5000,4700,300,James Cook,BUF,RB
Elijah Mitchell-SF,Elijah Mitchell (SF - RB) ,Sun 1:00PM,@ATL,5000,5000,0,Elijah Mitchell,SF,RB
Wan'Dale Robinson-NYG,Wan'Dale Robinson (NYG - WR) ,Sun 1:00PM,BAL,4900,4800,100,Wan'Dale Robinson,NYG,WR
David Bell-CLE,David Bell (CLE - WR) ,Sun 1:00PM,NE,4900,4800,100,David Bell,CLE,WR
Mike Davis-BAL,Mike Davis (BAL - RB) ,Sun 1:00PM,@NYG,4900,4600,300,Mike Davis,BAL,RB
Breshad Perriman-TB,Breshad Perriman (TB - WR) ,Sun 1:00PM,@PIT,4900,5200,-300,Breshad Perriman,TB,WR
Keith Kirkwood-NO,Keith Kirkwood (NO - WR) ,Sun 1:00PM,CIN,4900,4500,400,Keith Kirkwood,NO,WR
Braxton Berrios-NYJ,Braxton Berrios (NYJ - WR) ,Sun 1:00PM,@GB,4900,4600,300,Braxton Berrios,NYJ,WR
Zach Pascal-PHI,Zach Pascal (PHI - WR) ,Sun 8:20PM,DAL,4900,4900,0,Zach Pascal,PHI,WR
Trent Sherfield-MIA,Trent Sherfield (MIA - WR) ,Sun 1:00PM,MIN,4900,5000,-100,Trent Sherfield,MIA,WR
Dante Pettis-CHI,Dante Pettis (CHI - WR) ,Thu 8:15PM,WAS,4900,4900,0,Dante Pettis,CHI,WR
Tyler Conklin-NYJ,Tyler Conklin (NYJ - TE) ,Sun 1:00PM,@GB,4900,5300,-400,Tyler Conklin,NYJ,TE
Myles Gaskin-MIA,Myles Gaskin (MIA - RB) ,Sun 1:00PM,MIN,4900,4500,400,Myles Gaskin,MIA,RB
Scotty Miller-TB,Scotty Miller (TB - WR) ,Sun 1:00PM,@PIT,4900,4700,200,Scotty Miller,TB,WR
Hayden Hurst-CIN,Hayden Hurst (CIN - TE) ,Sun 1:00PM,@NO,4900,5000,-100,Hayden Hurst,CIN,TE
Zack Moss-BUF,Zack Moss (BUF - RB) ,Sun 4:25PM,@KC,4900,5100,-200,Zack Moss,BUF,RB
Noah Fant-SEA,Noah Fant (SEA - TE) ,Sun 4:05PM,ARI,4900,4800,100,Noah Fant,SEA,TE
Irv Smith-MIN,Irv Smith Jr. (MIN - TE) ,Sun 1:00PM,@MIA,4900,4700,200,Irv Smith,MIN,TE
Robert Tonyan-GB,Robert Tonyan (GB - TE) ,Sun 1:00PM,NYJ,4900,5100,-200,Robert Tonyan,GB,TE
Joshua Kelley-LAC,Joshua Kelley (LAC - RB) ,Mon 8:15PM,DEN,4900,4900,0,Joshua Kelley,LAC,RB
Tutu Atwell-LAR,Tutu Atwell (LAR - WR) ,Sun 4:05PM,CAR,4900,4600,300,Tutu Atwell,LAR,WR
Tyrion Davis-Price-SF,Tyrion Davis-Price (SF - RB) ,Sun 1:00PM,@ATL,4800,5000,-200,Tyrion Davis-Price,SF,RB
Mo Alie-Cox-IND,Mo Alie-Cox (IND - TE) ,Sun 1:00PM,JAC,4800,5100,-300,Mo Alie-Cox,IND,TE
Sammy Watkins-GB,Sammy Watkins (GB - WR) ,Sun 1:00PM,NYJ,4800,5000,-200,Sammy Watkins,GB,WR
River Cracraft-MIA,River Cracraft (MIA - WR) ,Sun 1:00PM,MIN,4800,4900,-100,River Cracraft,MIA,WR
Cameron Brate-TB,Cameron Brate (TB - TE) ,Sun 1:00PM,@PIT,4800,4900,-100,Cameron Brate,TB,TE
Dalton Schultz-DAL,Dalton Schultz (DAL - TE) ,Sun 8:20PM,@PHI,4800,4800,0,Dalton Schultz,DAL,TE
D'Onta Foreman-CAR,D'Onta Foreman (CAR - RB) ,Sun 4:05PM,@LAR,4800,5200,-400,D'Onta Foreman,CAR,RB
Mike Gesicki-MIA,Mike Gesicki (MIA - TE) ,Sun 1:00PM,MIN,4800,5000,-200,Mike Gesicki,MIA,TE
Bryan Edwards-ATL,Bryan Edwards (ATL - WR) ,Sun 1:00PM,SF,4800,4700,100,Bryan Edwards,ATL,WR
Byron Pringle-CHI,Byron Pringle (CHI - WR) ,Thu 8:15PM,WAS,4800,4800,0,Byron Pringle,CHI,WR
Greg Dortch-ARI,Greg Dortch (ARI - WR) ,Sun 4:05PM,@SEA,4800,4900,-100,Greg Dortch,ARI,WR
Travis Homer-SEA,Travis Homer (SEA - RB) ,Sun 4:05PM,ARI,4800,4600,200,Travis Homer,SEA,RB
J.J. Taylor-NE,J.J. Taylor (NE - RB) ,Sun 1:00PM,@CLE,4800,4500,300,J.J. Taylor,NE,RB
Justin Watson-KC,Justin Watson (KC - WR) ,Sun 4:25PM,BUF,4800,4700,100,Justin Watson,KC,WR
Kadarius Toney-NYG,Kadarius Toney (NYG - WR) ,Sun 1:00PM,BAL,4800,5000,-200,Kadarius Toney,NYG,WR
Tyquan Thornton-NE,Tyquan Thornton (NE - WR) ,Sun 1:00PM,@CLE,4800,4500,300,Tyquan Thornton,NE,WR
Jalen Reagor-MIN,Jalen Reagor (MIN - WR) ,Sun 1:00PM,@MIA,4800,4700,100,Jalen Reagor,MIN,WR
Adam Trautman-NO,Adam Trautman (NO - TE) ,Sun 1:00PM,CIN,4700,4500,200,Adam Trautman,NO,TE
Mike Strachan-IND,Mike Strachan (IND - WR) ,Sun 1:00PM,JAC,4700,4800,-100,Mike Strachan,IND,WR
Michael Bandy-LAC,Michael Bandy (LAC - WR) ,Mon 8:15PM,DEN,4700,4700,0,Michael Bandy,LAC,WR
Pierre Strong-NE,Pierre Strong Jr. (NE - RB) ,Sun 1:00PM,@CLE,4700,4500,200,Pierre Strong,NE,RB
Jamison Crowder-BUF,Jamison Crowder (BUF - WR) ,Sun 4:25PM,@KC,4700,5200,-500,Jamison Crowder,BUF,WR
Marquise Goodwin-SEA,Marquise Goodwin (SEA - WR) ,Sun 4:05PM,ARI,4700,4700,0,Marquise Goodwin,SEA,WR
Hunter Henry-NE,Hunter Henry (NE - TE) ,Sun 1:00PM,@CLE,4700,4500,200,Hunter Henry,NE,TE
Boston Scott-PHI,Boston Scott (PHI - RB) ,Sun 8:20PM,DAL,4700,4700,0,Boston Scott,PHI,RB
Miles Boykin-PIT,Miles Boykin (PIT - WR) ,Sun 1:00PM,TB,4700,4500,200,Miles Boykin,PIT,WR
JaMycal Hasty-JAX,JaMycal Hasty (JAC - RB) ,Sun 1:00PM,@IND,4700,4600,100,JaMycal Hasty,JAX,RB
Albert Okwuegbunam-DEN,Albert Okwuegbunam (DEN - TE) ,Mon 8:15PM,@LAC,4700,4700,0,Albert Okwuegbunam,DEN,TE
Chuba Hubbard-CAR,Chuba Hubbard (CAR - RB) ,Sun 4:05PM,@LAR,4700,5400,-700,Chuba Hubbard,CAR,RB
Anthony McFarland-PIT,Anthony McFarland Jr. (PIT - RB) ,Sun 1:00PM,TB,4700,4600,100,Anthony McFarland,PIT,RB
Daniel Bellinger-NYG,Daniel Bellinger (NYG - TE) ,Sun 1:00PM,BAL,4700,4900,-200,Daniel Bellinger,NYG,TE
Montrell Washington-DEN,Montrell Washington (DEN - WR) ,Mon 8:15PM,@LAC,4700,4700,0,Montrell Washington,DEN,WR
Kevin Harris-NE,Kevin Harris (NE - RB) ,Sun 1:00PM,@CLE,4600,4500,100,Kevin Harris,NE,RB
Deonte Harty-NO,Deonte Harty (NO - WR) ,Sun 1:00PM,CIN,4600,4600,0,Deonte Harty,NO,WR
Jody Fortson-KC,Jody Fortson (KC - TE) ,Sun 4:25PM,BUF,4600,4600,0,Jody Fortson,KC,TE
Gunner Olszewski-PIT,Gunner Olszewski (PIT - WR) ,Sun 1:00PM,TB,4600,4600,0,Gunner Olszewski,PIT,WR
Jake Kumerow-BUF,Jake Kumerow (BUF - WR) ,Sun 4:25PM,@KC,4600,4700,-100,Jake Kumerow,BUF,WR
Marvin Hall-JAX,Marvin Hall (JAC - WR) ,Sun 1:00PM,@IND,4600,4600,0,Marvin Hall,JAX,WR
Damiere Byrd-ATL,Damiere Byrd (ATL - WR) ,Sun 1:00PM,SF,4600,4600,0,Damiere Byrd,ATL,WR
Jonathan Williams-WAS,Jonathan Williams (WAS - RB) ,Thu 8:15PM,@CHI,4600,4600,0,Jonathan Williams,WAS,RB
Kyle Juszczyk-SF,Kyle Juszczyk (SF - RB) ,Sun 1:00PM,@ATL,4600,4600,0,Kyle Juszczyk,SF,RB
Brandon Powell-LAR,Brandon Powell (LAR - WR) ,Sun 4:05PM,CAR,4600,4700,-100,Brandon Powell,LAR,WR
Mike Thomas-CIN,Mike Thomas (CIN - WR) ,Sun 1:00PM,@NO,4600,4700,-100,Mike Thomas,CIN,WR
D'Ernest Johnson-CLE,D'Ernest Johnson (CLE - RB) ,Sun 1:00PM,NE,4600,4600,0,D'Ernest Johnson,CLE,RB
Marlon Mack-SF,Marlon Mack (SF - RB) ,Sun 1:00PM,@ATL,4600,5000,-400,Marlon Mack,SF,RB
Andre Baccellia-ARI,Andre Baccellia (ARI - WR) ,Sun 4:05PM,@SEA,4600,4700,-100,Andre Baccellia,ARI,WR
KaVontae Turpin-DAL,KaVontae Turpin (DAL - WR) ,Sun 8:20PM,@PHI,4600,4600,0,KaVontae Turpin,DAL,WR
Devine Ozigbo-DEN,Devine Ozigbo (DEN - RB) ,Mon 8:15PM,@LAC,4600,4600,0,Devine Ozigbo,DEN,RB
Ray-Ray McCloud-SF,Ray-Ray McCloud (SF - WR) ,Sun 1:00PM,@ATL,4600,5000,-400,Ray-Ray McCloud,SF,WR
Ty Johnson-NYJ,Ty Johnson (NYJ - RB) ,Sun 1:00PM,@GB,4600,4600,0,Ty Johnson,NYJ,RB
Ke'Shawn Vaughn-TB,Ke'Shawn Vaughn (TB - RB) ,Sun 1:00PM,@PIT,4600,5200,-600,Ke'Shawn Vaughn,TB,RB
Andy Isabella-BAL,Andy Isabella (BAL - WR) ,Sun 1:00PM,@NYG,4600,4600,0,Andy Isabella,BAL,WR
Penny Hart-SEA,Penny Hart (SEA - WR) ,Sun 4:05PM,ARI,4600,4600,0,Penny Hart,SEA,WR
Alec Ingold-MIA,Alec Ingold (MIA - RB) ,Sun 1:00PM,MIN,4600,4600,0,Alec Ingold,MIA,RB
Zach Gentry-PIT,Zach Gentry (PIT - TE) ,Sun 1:00PM,TB,4600,4300,300,Zach Gentry,PIT,TE
Auden Tate-PHI,Auden Tate (PHI - WR) ,Sun 8:20PM,DAL,4600,4600,0,Auden Tate,PHI,WR
Juwan Johnson-NO,Juwan Johnson (NO - TE) ,Sun 1:00PM,CIN,4600,4700,-100,Juwan Johnson,NO,TE
Dezmon Patmon-IND,Dezmon Patmon (IND - WR) ,Sun 1:00PM,JAC,4600,4600,0,Dezmon Patmon,IND,WR
Jake Funk-LAR,Jake Funk (LAR - RB) ,Sun 4:05PM,CAR,4600,4800,-200,Jake Funk,LAR,RB
Demetric Felton-CLE,Demetric Felton Jr. (CLE - WR) ,Sun 1:00PM,NE,4600,4600,0,Demetric Felton,CLE,WR
Darrynton Evans-CHI,Darrynton Evans (CHI - RB) ,Thu 8:15PM,WAS,4600,4600,0,Darrynton Evans,CHI,RB
Benny Snell-PIT,Benny Snell Jr. (PIT - RB) ,Sun 1:00PM,TB,4600,4600,0,Benny Snell,PIT,RB
Lil'Jordan Humphrey-NE,Lil'Jordan Humphrey (NE - WR) ,Sun 1:00PM,@CLE,4600,4700,-100,Lil'Jordan Humphrey,NE,WR
Tyrie Cleveland-DEN,Tyrie Cleveland (DEN - WR) ,Mon 8:15PM,@LAC,4600,4600,0,Tyrie Cleveland,DEN,WR
Trey Ragas-LAR,Trey Ragas (LAR - RB) ,Sun 4:05PM,CAR,4600,5000,-400,Trey Ragas,LAR,RB
Antoine Wesley-ARI,Antoine Wesley (ARI - WR) ,Sun 4:05PM,@SEA,4600,4600,0,Antoine Wesley,ARI,WR
Dee Eskridge-SEA,Dee Eskridge (SEA - WR) ,Sun 4:05PM,ARI,4600,4700,-100,Dee Eskridge,SEA,WR
Rico Dowdle-DAL,Rico Dowdle (DAL - RB) ,Sun 8:20PM,@PHI,4600,4600,0,Rico Dowdle,DAL,RB
Patrick Taylor-GB,Patrick Taylor Jr. (GB - RB) ,Sun 1:00PM,NYJ,4600,4600,0,Patrick Taylor,GB,RB
Tony Jones-SEA,Tony Jones Jr. (SEA - RB) ,Sun 4:05PM,ARI,4600,5000,-400,Tony Jones,SEA,RB
Kene Nwangwu-MIN,Kene Nwangwu (MIN - RB) ,Sun 1:00PM,@MIA,4600,4900,-300,Kene Nwangwu,MIN,RB
Ihmir Smith-Marsette-CHI,Ihmir Smith-Marsette (CHI - WR) ,Thu 8:15PM,WAS,4600,4600,0,Ihmir Smith-Marsette,CHI,WR
Jordan Mason-SF,Jordan Mason (SF - RB) ,Sun 1:00PM,@ATL,4600,5500,-900,Jordan Mason,SF,RB
Isaiah Likely-BAL,Isaiah Likely (BAL - TE) ,Sun 1:00PM,@NYG,4600,4200,400,Isaiah Likely,BAL,TE
Seth Williams-JAX,Seth Williams (JAC - WR) ,Sun 1:00PM,@IND,4600,4600,0,Seth Williams,JAX,WR
Anthony Schwartz-CLE,Anthony Schwartz (CLE - WR) ,Sun 1:00PM,NE,4600,4600,0,Anthony Schwartz,CLE,WR
Laviska Shenault-CAR,Laviska Shenault Jr. (CAR - WR) ,Sun 4:05PM,@LAR,4600,4600,0,Laviska Shenault,CAR,WR
Jalen Tolbert-DAL,Jalen Tolbert (DAL - WR) ,Sun 8:20PM,@PHI,4600,4600,0,Jalen Tolbert,DAL,WR
Jaret Patterson-WAS,Jaret Patterson (WAS - RB) ,Thu 8:15PM,@CHI,4600,4600,0,Jaret Patterson,WAS,RB
Simi Fehoko-DAL,Simi Fehoko (DAL - WR) ,Sun 8:20PM,@PHI,4600,4600,0,Simi Fehoko,DAL,WR
Amari Rodgers-GB,Amari Rodgers (GB - WR) ,Sun 1:00PM,NYJ,4600,4600,0,Amari Rodgers,GB,WR
Dax Milne-WAS,Dax Milne (WAS - WR) ,Thu 8:15PM,@CHI,4600,4600,0,Dax Milne,WAS,WR
Cole Kmet-CHI,Cole Kmet (CHI - TE) ,Thu 8:15PM,WAS,4600,4600,0,Cole Kmet,CHI,TE
Jaelon Darden-TB,Jaelon Darden (TB - WR) ,Sun 1:00PM,@PIT,4600,4600,0,Jaelon Darden,TB,WR
Dyami Brown-WAS,Dyami Brown (WAS - WR) ,Thu 8:15PM,@CHI,4600,4600,0,Dyami Brown,WAS,WR
Dazz Newsome-CHI,Dazz Newsome (CHI - WR) ,Thu 8:15PM,WAS,4600,4600,0,Dazz Newsome,CHI,WR
